"time","guessed_miner","transaction_count"
"2016-03-01 16:59:28","21 Inc.",2782
"2016-03-01 15:52:33","21 Inc.",2643
"2016-02-29 12:18:09","21 Inc.",2915
"2016-02-26 20:38:24","21 Inc.",1247
"2016-02-26 09:34:08","21 Inc.",1510
"2016-02-24 18:26:25","21 Inc.",2157
"2016-02-24 04:53:06","21 Inc.",2118
"2016-02-24 02:33:54","21 Inc.",809
"2016-02-23 21:26:40","21 Inc.",1124
"2016-02-23 07:09:05","21 Inc.",1570
"2016-02-23 04:46:24","21 Inc.",2474
"2016-02-22 08:12:00","21 Inc.",2827
"2016-02-20 04:51:29","21 Inc.",1264
"2016-02-20 03:30:25","21 Inc.",1848
"2016-02-19 20:51:12","21 Inc.",2763
"2016-02-19 18:18:11","21 Inc.",1665
"2016-02-19 10:08:33","21 Inc.",2344
"2016-02-19 06:02:09","21 Inc.",564
"2016-02-18 17:09:20","21 Inc.",1871
"2016-02-18 15:41:06","21 Inc.",2674
"2016-02-18 12:06:24","21 Inc.",1412
"2016-02-18 11:45:54","21 Inc.",334
"2016-02-17 16:01:06","21 Inc.",885
"2016-02-16 19:43:14","21 Inc.",1835
"2016-02-16 15:28:01","21 Inc.",1750
"2016-02-14 21:54:56","21 Inc.",953
"2016-02-13 20:31:44","21 Inc.",849
"2016-02-13 19:22:42","21 Inc.",656
"2016-02-13 07:28:02","21 Inc.",2363
"2016-02-13 01:53:52","21 Inc.",356
"2016-02-12 10:50:09","21 Inc.",2508
"2016-02-12 05:47:29","21 Inc.",1644
"2016-02-07 04:04:33","21 Inc.",2892
"2016-02-06 23:53:37","21 Inc.",750
"2016-02-06 22:58:40","21 Inc.",138
"2016-02-06 20:23:28","21 Inc.",1157
"2016-02-06 04:33:38","21 Inc.",1888
"2016-02-05 20:11:44","21 Inc.",2144
"2016-02-05 13:36:48","21 Inc.",1697
"2016-02-05 11:33:54","21 Inc.",391
"2016-02-04 20:01:22","21 Inc.",707
"2016-02-04 06:31:45","21 Inc.",696
"2016-02-03 18:45:05","21 Inc.",178
"2016-02-03 11:11:12","21 Inc.",2938
"2016-02-02 20:21:22","21 Inc.",461
"2016-02-01 11:00:50","21 Inc.",2813
"2016-02-01 07:28:50","21 Inc.",2962
"2016-02-01 00:16:32","21 Inc.",1643
"2016-01-31 21:34:41","21 Inc.",823
"2016-01-30 22:28:48","21 Inc.",206
"2016-01-30 17:25:20","21 Inc.",1659
"2016-01-30 16:38:26","21 Inc.",2530
"2016-01-30 06:34:56","21 Inc.",2221
"2016-01-29 10:04:02","21 Inc.",2936
"2016-01-29 02:13:04","21 Inc.",2466
"2016-01-28 05:03:13","21 Inc.",2822
"2016-01-27 00:05:36","21 Inc.",1773
"2016-01-26 11:57:53","21 Inc.",491
"2016-01-26 07:48:18","21 Inc.",1399
"2016-01-26 02:46:40","21 Inc.",469
"2016-01-25 14:01:53","21 Inc.",2020
"2016-01-25 05:26:56","21 Inc.",632
"2016-01-24 23:47:28","21 Inc.",1022
"2016-01-24 21:54:41","21 Inc.",1632
"2016-01-24 16:58:57","21 Inc.",511
"2016-01-24 10:12:49","21 Inc.",824
"2016-01-24 08:17:53","21 Inc.",2835
"2016-01-24 06:43:13","21 Inc.",1867
"2016-01-24 06:01:37","21 Inc.",2092
"2016-01-24 00:06:56","21 Inc.",1808
"2016-01-23 13:11:28","21 Inc.",744
"2016-01-22 23:13:04","21 Inc.",986
"2016-01-22 20:09:53","21 Inc.",1191
"2016-01-22 19:57:52","21 Inc.",166
"2016-01-22 18:01:52","21 Inc.",822
"2016-01-22 07:21:06","21 Inc.",953
"2016-01-22 04:39:13","21 Inc.",2004
"2016-01-21 14:56:32","21 Inc.",1803
"2016-01-21 13:31:12","21 Inc.",1700
"2016-01-21 13:18:09","21 Inc.",2212
"2016-01-20 04:26:42","21 Inc.",1381
"2016-01-20 03:10:43","21 Inc.",1645
"2016-01-19 23:59:44","21 Inc.",2536
"2016-01-15 07:52:17","21 Inc.",2005
"2016-01-14 16:48:01","21 Inc.",2120
"2016-01-14 16:33:38","21 Inc.",959
"2016-01-14 16:21:05","21 Inc.",2252
"2016-01-14 09:44:33","21 Inc.",505
"2016-01-13 20:17:36","21 Inc.",2064
"2016-01-13 10:47:44","21 Inc.",375
"2016-01-12 01:26:58","21 Inc.",752
"2016-01-11 14:21:20","21 Inc.",1729
"2016-01-10 18:19:45","21 Inc.",388
"2016-01-10 13:09:20","21 Inc.",251
"2016-01-10 03:33:37","21 Inc.",545
"2016-01-10 02:13:54","21 Inc.",298
"2016-01-09 23:44:32","21 Inc.",382
"2016-01-09 20:53:37","21 Inc.",1238
"2016-01-09 13:40:17","21 Inc.",1438
"2016-01-08 03:10:24","21 Inc.",2188
"2016-01-08 02:01:05","21 Inc.",1242
"2016-01-08 01:31:13","21 Inc.",615
"2016-01-06 21:26:09","21 Inc.",675
"2016-01-06 18:38:58","21 Inc.",693
"2016-01-06 16:03:46","21 Inc.",763
"2016-01-05 23:57:06","21 Inc.",654
"2016-01-05 16:50:10","21 Inc.",201
"2016-01-05 12:54:25","21 Inc.",187
"2016-01-05 02:54:57","21 Inc.",1683
"2016-01-04 05:22:41","21 Inc.",296
"2016-01-04 03:58:42","21 Inc.",1204
"2016-01-03 17:26:41","21 Inc.",1939
"2016-01-03 13:31:13","21 Inc.",920
"2016-01-03 04:16:00","21 Inc.",2003
"2016-01-03 01:44:32","21 Inc.",2133
"2016-01-02 19:00:00","21 Inc.",958
"2016-01-02 10:47:28","21 Inc.",1631
"2016-01-02 10:22:40","21 Inc.",804
"2016-01-01 10:44:50","21 Inc.",2011
"2016-01-01 08:01:23","21 Inc.",2162
"2015-12-31 18:09:38","21 Inc.",730
"2015-12-31 07:43:29","21 Inc.",1518
"2015-12-31 02:51:13","21 Inc.",955
"2015-12-30 22:11:29","21 Inc.",619
"2015-12-30 18:00:50","21 Inc.",449
"2015-12-30 16:58:09","21 Inc.",479
"2015-12-30 09:18:09","21 Inc.",1521
"2015-12-30 05:19:28","21 Inc.",1260
"2015-12-30 02:53:53","21 Inc.",242
"2015-12-30 02:07:46","21 Inc.",387
"2015-12-30 01:16:48","21 Inc.",1859
"2015-12-29 23:02:24","21 Inc.",603
"2015-12-29 22:17:21","21 Inc.",702
"2015-12-29 15:13:52","21 Inc.",969
"2015-12-29 10:01:52","21 Inc.",2872
"2015-12-29 08:19:29","21 Inc.",1146
"2015-12-29 05:38:42","21 Inc.",1118
"2015-12-29 04:40:33","21 Inc.",578
"2015-12-29 00:38:08","21 Inc.",1521
"2015-12-28 08:34:09","21 Inc.",1450
"2015-12-28 04:11:46","21 Inc.",482
"2015-12-27 18:13:21","21 Inc.",106
"2015-12-27 09:10:08","21 Inc.",1657
"2015-12-26 08:38:56","21 Inc.",288
"2015-12-25 23:25:21","21 Inc.",402
"2015-12-25 22:30:10","21 Inc.",131
"2015-12-25 19:12:48","21 Inc.",367
"2015-12-25 18:51:28","21 Inc.",316
"2015-12-25 00:48:32","21 Inc.",3390
"2015-12-24 23:18:08","21 Inc.",198
"2015-12-24 18:04:16","21 Inc.",1782
"2015-12-24 14:47:28","21 Inc.",1814
"2015-12-24 13:08:34","21 Inc.",750
"2015-12-24 12:48:01","21 Inc.",1490
"2015-12-24 10:55:46","21 Inc.",680
"2015-12-24 10:51:12","21 Inc.",2272
"2015-12-24 03:08:16","21 Inc.",2692
"2015-12-24 00:15:46","21 Inc.",1258
"2015-12-23 04:48:50","21 Inc.",429
"2015-12-23 01:06:40","21 Inc.",745
"2015-12-22 20:09:20","21 Inc.",2903
"2015-12-22 15:20:34","21 Inc.",632
"2015-12-21 18:16:49","21 Inc.",2102
"2015-12-21 16:08:02","21 Inc.",2578
"2015-12-21 12:21:06","21 Inc.",699
"2015-12-21 10:07:29","21 Inc.",1256
"2015-12-21 07:29:53","21 Inc.",1916
"2015-12-20 20:22:58","21 Inc.",2007
"2015-12-20 14:14:40","21 Inc.",1613
"2015-12-20 07:08:48","21 Inc.",565
"2015-12-20 02:40:00","21 Inc.",1333
"2015-12-20 01:19:29","21 Inc.",2367
"2015-12-19 17:15:15","21 Inc.",1866
"2015-12-19 06:43:28","21 Inc.",174
"2015-12-18 21:10:24","21 Inc.",175
"2015-12-18 10:35:12","21 Inc.",990
"2015-12-17 19:21:37","21 Inc.",2868
"2015-12-17 12:05:22","21 Inc.",2810
"2015-12-17 04:22:57","21 Inc.",3231
"2015-12-16 21:01:37","21 Inc.",793
"2015-12-16 08:23:12","21 Inc.",1846
"2015-12-16 06:33:52","21 Inc.",2153
"2015-12-16 02:30:24","21 Inc.",1211
"2015-12-15 22:44:50","21 Inc.",2372
"2015-12-15 10:37:06","21 Inc.",1493
"2015-12-15 02:34:58","21 Inc.",3047
"2015-12-15 02:04:49","21 Inc.",1716
"2015-12-14 18:55:44","21 Inc.",1753
"2015-12-14 11:06:10","21 Inc.",1095
"2015-12-14 08:01:37","21 Inc.",1332
"2015-12-14 03:22:42","21 Inc.",565
"2015-12-13 23:39:45","21 Inc.",1302
"2015-12-13 15:46:09","21 Inc.",1511
"2015-12-13 14:54:58","21 Inc.",2630
"2015-12-13 08:38:10","21 Inc.",1125
"2015-12-13 07:38:09","21 Inc.",1540
"2015-12-13 02:49:36","21 Inc.",2933
"2015-12-12 17:20:34","21 Inc.",1199
"2015-12-12 16:01:37","21 Inc.",1494
"2015-12-12 14:02:25","21 Inc.",1567
"2015-12-11 12:12:17","21 Inc.",1885
"2015-12-11 08:50:41","21 Inc.",3174
"2015-12-11 02:34:40","21 Inc.",1321
"2015-12-10 20:16:48","21 Inc.",136
"2015-12-10 16:54:42","21 Inc.",545
"2015-12-10 16:49:36","21 Inc.",2560
"2015-12-10 14:38:40","21 Inc.",602
"2015-12-10 14:33:06","21 Inc.",1322
"2015-12-10 13:09:53","21 Inc.",294
"2015-12-10 08:56:33","21 Inc.",1370
"2015-12-10 08:06:40","21 Inc.",2598
"2015-12-09 21:38:26","21 Inc.",1134
"2015-12-09 21:32:18","21 Inc.",1295
"2015-12-09 20:23:28","21 Inc.",954
"2015-12-09 15:31:45","21 Inc.",738
"2015-12-08 19:41:54","21 Inc.",659
"2015-12-08 16:38:08","21 Inc.",987
"2015-12-08 13:47:29","21 Inc.",823
"2015-12-08 13:28:01","21 Inc.",3410
"2015-12-08 11:43:28","21 Inc.",1685
"2015-12-08 08:44:49","21 Inc.",457
"2015-12-08 01:54:56","21 Inc.",868
"2015-12-07 17:12:48","21 Inc.",861
"2015-12-07 15:11:12","21 Inc.",2855
"2015-12-07 14:12:34","21 Inc.",1973
"2015-12-07 12:58:10","21 Inc.",2020
"2015-12-07 00:59:46","21 Inc.",2477
"2015-12-06 17:30:25","21 Inc.",429
"2015-12-06 07:55:44","21 Inc.",715
"2015-12-06 02:49:38","21 Inc.",2538
"2015-12-05 21:00:50","21 Inc.",1547
"2015-12-05 15:29:04","21 Inc.",1047
"2015-12-05 08:38:26","21 Inc.",666
"2015-12-05 00:21:36","21 Inc.",1315
"2015-12-04 22:24:16","21 Inc.",911
"2015-12-04 14:51:45","21 Inc.",2867
"2015-12-04 10:20:17","21 Inc.",920
"2015-12-04 10:08:33","21 Inc.",778
"2015-12-04 08:34:40","21 Inc.",308
"2015-12-04 06:07:14","21 Inc.",650
"2015-12-04 04:37:37","21 Inc.",446
"2015-12-03 20:16:33","21 Inc.",1974
"2015-12-03 14:56:16","21 Inc.",2282
"2015-12-03 04:09:53","21 Inc.",780
"2015-12-02 15:57:54","21 Inc.",773
"2015-12-02 15:04:02","21 Inc.",2342
"2015-12-02 10:43:46","21 Inc.",1039
"2015-12-02 05:40:17","21 Inc.",452
"2015-12-02 03:42:08","21 Inc.",205
"2015-12-01 17:01:04","21 Inc.",836
"2015-12-01 08:16:00","21 Inc.",1500
"2015-12-01 07:17:54","21 Inc.",1413
"2015-12-01 01:23:45","21 Inc.",611
"2015-11-30 13:25:54","21 Inc.",1342
"2015-11-30 01:55:12","21 Inc.",1406
"2015-11-30 00:07:46","21 Inc.",1663
"2015-11-29 11:27:13","21 Inc.",1578
"2015-11-29 10:22:57","21 Inc.",770
"2015-11-29 05:58:09","21 Inc.",567
"2015-11-29 04:01:52","21 Inc.",469
"2015-11-29 01:27:29","21 Inc.",565
"2015-11-29 00:45:04","21 Inc.",1852
"2015-11-28 22:11:14","21 Inc.",2044
"2015-11-28 19:19:30","21 Inc.",949
"2015-11-28 16:40:33","21 Inc.",1465
"2015-11-28 12:17:04","21 Inc.",1000
"2015-11-28 06:19:45","21 Inc.",856
"2015-11-28 01:30:10","21 Inc.",1634
"2015-11-27 18:21:37","21 Inc.",1164
"2015-11-27 08:34:26","21 Inc.",1167
"2015-11-27 02:38:41","21 Inc.",698
"2015-11-26 23:04:32","21 Inc.",1973
"2015-11-26 21:31:45","21 Inc.",374
"2015-11-26 21:21:37","21 Inc.",172
"2015-11-26 14:57:04","21 Inc.",1256
"2015-11-26 12:45:38","21 Inc.",1759
"2015-11-26 11:58:24","21 Inc.",672
"2015-11-26 07:12:50","21 Inc.",2116
"2015-11-26 03:57:21","21 Inc.",2260
"2015-11-25 09:56:50","21 Inc.",1429
"2015-11-25 05:13:53","21 Inc.",1089
"2015-11-25 02:10:25","21 Inc.",300
"2015-11-25 01:16:18","21 Inc.",247
"2015-11-25 00:47:46","21 Inc.",933
"2015-11-24 12:23:15","21 Inc.",669
"2015-11-24 04:14:56","21 Inc.",238
"2015-11-24 02:02:26","21 Inc.",2762
"2015-11-23 22:26:10","21 Inc.",1722
"2015-11-23 17:49:20","21 Inc.",1684
"2015-11-23 15:55:13","21 Inc.",1256
"2015-11-23 09:37:20","21 Inc.",1074
"2015-11-23 06:50:57","21 Inc.",384
"2015-11-23 06:16:16","21 Inc.",1676
"2015-11-23 05:45:04","21 Inc.",104
"2015-11-22 13:23:30","21 Inc.",1544
"2015-11-22 12:56:34","21 Inc.",2052
"2015-11-22 11:08:49","21 Inc.",417
"2015-11-22 04:05:52","21 Inc.",640
"2015-11-22 02:37:52","21 Inc.",280
"2015-11-21 22:02:10","21 Inc.",2030
"2015-11-21 21:24:00","21 Inc.",274
"2015-11-21 21:08:32","21 Inc.",1082
"2015-11-21 17:46:57","21 Inc.",528
"2015-11-21 17:25:53","21 Inc.",719
"2015-11-21 04:13:52","21 Inc.",835
"2015-11-21 03:56:32","21 Inc.",705
"2015-11-21 03:21:20","21 Inc.",1470
"2015-11-21 01:24:00","21 Inc.",2176
"2015-11-20 15:11:29","21 Inc.",1845
"2015-11-20 01:54:57","21 Inc.",620
"2015-11-20 01:52:17","21 Inc.",215
"2015-11-19 23:48:16","21 Inc.",629
"2015-11-19 17:03:29","21 Inc.",1026
"2015-11-19 05:23:28","21 Inc.",1761
"2015-11-19 02:08:49","21 Inc.",386
"2015-11-19 01:53:39","21 Inc.",1898
"2015-11-19 00:54:42","21 Inc.",3140
"2015-11-18 21:18:56","21 Inc.",483
"2015-11-18 19:05:38","21 Inc.",1190
"2015-11-18 18:10:40","21 Inc.",1356
"2015-11-18 17:40:18","21 Inc.",1881
"2015-11-18 15:57:37","21 Inc.",618
"2015-11-18 15:53:22","21 Inc.",630
"2015-11-18 15:35:30","21 Inc.",277
"2015-11-18 14:55:13","21 Inc.",1095
"2015-11-18 11:06:40","21 Inc.",609
"2015-11-18 01:31:12","21 Inc.",1227
"2015-11-17 18:40:18","21 Inc.",555
"2015-11-17 16:35:13","21 Inc.",1961
"2015-11-17 14:33:04","21 Inc.",1998
"2015-11-17 07:05:04","21 Inc.",1345
"2015-11-17 06:17:21","21 Inc.",162
"2015-11-16 23:43:12","21 Inc.",1561
"2015-11-16 23:35:14","21 Inc.",1026
"2015-11-16 13:22:08","21 Inc.",1286
"2015-11-16 08:54:24","21 Inc.",1191
"2015-11-16 04:03:30","21 Inc.",829
"2015-11-15 18:18:57","21 Inc.",1062
"2015-11-15 12:55:46","21 Inc.",957
"2015-11-15 04:00:32","21 Inc.",581
"2015-11-15 02:33:38","21 Inc.",1976
"2015-11-15 01:52:32","21 Inc.",1650
"2015-11-15 00:07:13","21 Inc.",2343
"2015-11-14 15:55:46","21 Inc.",672
"2015-11-14 09:54:09","21 Inc.",219
"2015-11-14 08:27:14","21 Inc.",3063
"2015-11-14 07:22:57","21 Inc.",530
"2015-11-14 00:27:44","21 Inc.",2232
"2015-11-13 10:36:33","21 Inc.",367
"2015-11-13 08:15:14","21 Inc.",2720
"2015-11-13 04:22:59","21 Inc.",578
"2015-11-12 20:54:57","21 Inc.",868
"2015-11-12 20:13:36","21 Inc.",616
"2015-11-12 20:06:40","21 Inc.",1462
"2015-11-12 14:52:02","21 Inc.",1707
"2015-11-12 05:54:08","21 Inc.",445
"2015-11-12 05:02:40","21 Inc.",403
"2015-11-12 02:10:58","21 Inc.",693
"2015-11-11 23:30:42","21 Inc.",2506
"2015-11-11 12:26:57","21 Inc.",1725
"2015-11-11 04:01:04","21 Inc.",693
"2015-11-11 01:17:36","21 Inc.",1347
"2015-11-10 22:29:55","21 Inc.",1106
"2015-11-10 22:22:10","21 Inc.",932
"2015-11-10 20:24:17","21 Inc.",1793
"2015-11-10 13:14:08","21 Inc.",1669
"2015-11-10 07:31:29","21 Inc.",721
"2015-11-10 06:44:49","21 Inc.",1341
"2015-11-10 05:31:13","21 Inc.",1120
"2015-11-09 22:53:04","21 Inc.",1433
"2015-11-09 15:22:42","21 Inc.",1313
"2015-11-09 05:32:33","21 Inc.",405
"2015-11-08 19:36:33","21 Inc.",1688
"2015-11-08 17:50:24","21 Inc.",1373
"2015-11-08 08:43:28","21 Inc.",1754
"2015-11-08 01:55:28","21 Inc.",351
"2015-11-07 16:46:08","21 Inc.",1831
"2015-11-07 15:15:14","21 Inc.",2834
"2015-11-07 11:36:48","21 Inc.",792
"2015-11-07 11:07:13","21 Inc.",1998
"2015-11-07 09:06:40","21 Inc.",1845
"2015-11-07 07:45:22","21 Inc.",840
"2015-11-07 07:14:57","21 Inc.",1635
"2015-11-07 03:43:13","21 Inc.",1910
"2015-11-06 23:42:09","21 Inc.",842
"2015-11-06 22:18:24","21 Inc.",2930
"2015-11-06 21:34:42","21 Inc.",1419
"2015-11-06 10:41:36","21 Inc.",3074
"2015-11-06 09:13:36","21 Inc.",944
"2015-11-05 19:58:40","21 Inc.",1455
"2015-11-05 14:09:37","21 Inc.",1985
"2015-11-04 14:57:06","21 Inc.",2292
"2015-11-04 12:02:56","21 Inc.",2230
"2015-11-04 10:51:45","21 Inc.",1279
"2015-11-04 00:33:52","21 Inc.",1543
"2015-11-03 19:53:37","21 Inc.",1832
"2015-11-03 18:57:38","21 Inc.",2364
"2015-11-03 01:37:38","21 Inc.",745
"2015-11-03 00:56:18","21 Inc.",367
"2015-11-03 00:42:41","21 Inc.",310
"2015-11-03 00:45:52","21 Inc.",1203
"2015-11-03 00:10:08","21 Inc.",2022
"2015-11-02 23:16:32","21 Inc.",1365
"2015-11-02 15:23:28","21 Inc.",1306
"2015-11-02 01:11:12","21 Inc.",412
"2015-11-02 00:32:32","21 Inc.",2236
"2015-11-01 23:01:37","21 Inc.",1670
"2015-11-01 11:28:16","21 Inc.",1528
"2015-11-01 07:49:04","21 Inc.",462
"2015-11-01 06:16:34","21 Inc.",1861
"2015-11-01 01:45:52","21 Inc.",1911
"2015-11-01 00:23:14","21 Inc.",2138
"2015-10-31 23:20:32","21 Inc.",485
"2015-10-31 22:56:48","21 Inc.",2040
"2015-10-31 21:50:24","21 Inc.",1358
"2015-10-31 19:48:01","21 Inc.",2851
"2015-10-31 16:29:38","21 Inc.",862
"2015-10-31 16:05:06","21 Inc.",1992
"2015-10-31 08:13:20","21 Inc.",823
"2015-10-30 23:39:30","21 Inc.",1007
"2015-10-30 17:48:02","21 Inc.",1109
"2015-10-30 14:07:29","21 Inc.",223
"2015-10-30 12:13:05","21 Inc.",545
"2015-10-30 06:01:04","21 Inc.",904
"2015-10-29 21:20:00","21 Inc.",1886
"2015-10-29 11:23:30","21 Inc.",670
"2015-10-29 06:47:28","21 Inc.",1755
"2015-10-29 05:34:58","21 Inc.",2735
"2015-10-29 01:48:16","21 Inc.",622
"2015-10-28 22:57:36","21 Inc.",1713
"2015-10-28 22:11:14","21 Inc.",956
"2015-10-28 16:31:14","21 Inc.",1554
"2015-10-28 16:25:21","21 Inc.",1764
"2015-10-28 11:50:24","21 Inc.",1900
"2015-10-28 07:01:21","21 Inc.",577
"2015-10-28 03:28:48","21 Inc.",201
"2015-10-28 02:48:16","21 Inc.",960
"2015-10-27 20:32:16","21 Inc.",1805
"2015-10-27 18:40:01","21 Inc.",359
"2015-10-27 10:21:05","21 Inc.",232
"2015-10-27 10:18:10","21 Inc.",1185
"2015-10-27 05:45:38","21 Inc.",147
"2015-10-27 05:40:34","21 Inc.",892
"2015-10-27 03:11:13","21 Inc.",470
"2015-10-26 23:52:48","21 Inc.",1916
"2015-10-26 22:08:19","21 Inc.",453
"2015-10-26 08:41:36","21 Inc.",1236
"2015-10-26 08:25:38","21 Inc.",675
"2015-10-26 04:26:26","21 Inc.",539
"2015-10-26 00:41:04","21 Inc.",329
"2015-10-26 00:31:28","21 Inc.",1838
"2015-10-25 23:33:54","21 Inc.",1433
"2015-10-25 17:41:52","21 Inc.",1646
"2015-10-25 17:07:12","21 Inc.",698
"2015-10-25 15:06:57","21 Inc.",1628
"2015-10-25 11:24:48","21 Inc.",468
"2015-10-25 10:37:37","21 Inc.",158
"2015-10-25 10:18:42","21 Inc.",620
"2015-10-25 08:42:41","21 Inc.",740
"2015-10-25 01:56:00","21 Inc.",948
"2015-10-25 00:01:36","21 Inc.",1577
"2015-10-24 23:02:26","21 Inc.",196
"2015-10-24 20:29:22","21 Inc.",2381
"2015-10-24 19:55:44","21 Inc.",926
"2015-10-24 19:41:38","21 Inc.",1035
"2015-10-24 16:37:36","21 Inc.",1805
"2015-10-24 15:42:58","21 Inc.",1289
"2015-10-24 14:46:56","21 Inc.",1166
"2015-10-24 12:16:48","21 Inc.",1025
"2015-10-24 01:55:30","21 Inc.",2048
"2015-10-23 18:04:18","21 Inc.",1420
"2015-10-23 17:51:45","21 Inc.",981
"2015-10-23 05:30:58","21 Inc.",958
"2015-10-22 21:08:17","21 Inc.",1987
"2015-10-22 20:22:10","21 Inc.",2653
"2015-10-22 17:59:28","21 Inc.",1012
"2015-10-22 14:37:36","21 Inc.",1645
"2015-10-22 13:14:58","21 Inc.",2530
"2015-10-22 12:25:39","21 Inc.",1936
"2015-10-22 09:18:57","21 Inc.",1074
"2015-10-22 01:20:32","21 Inc.",973
"2015-10-22 00:14:11","21 Inc.",523
"2015-10-21 20:02:42","21 Inc.",1342
"2015-10-21 16:36:49","21 Inc.",491
"2015-10-21 15:15:13","21 Inc.",1548
"2015-10-21 12:21:05","21 Inc.",374
"2015-10-21 11:50:26","21 Inc.",922
"2015-10-21 11:35:29","21 Inc.",2709
"2015-10-21 01:08:32","21 Inc.",1784
"2015-10-20 06:00:16","21 Inc.",676
"2015-10-20 02:16:33","21 Inc.",922
"2015-10-19 17:53:22","21 Inc.",1134
"2015-10-19 13:00:33","21 Inc.",1857
"2015-10-19 00:36:01","21 Inc.",269
"2015-10-18 22:33:21","21 Inc.",682
"2015-10-18 21:29:54","21 Inc.",202
"2015-10-18 20:59:15","21 Inc.",797
"2015-10-18 20:53:38","21 Inc.",1014
"2015-10-18 15:40:16","21 Inc.",939
"2015-10-18 14:54:09","21 Inc.",600
"2015-10-17 22:19:45","21 Inc.",1322
"2015-10-17 13:57:20","21 Inc.",2376
"2015-10-17 00:38:57","21 Inc.",1240
"2015-10-16 20:35:28","21 Inc.",2092
"2015-10-16 19:38:24","21 Inc.",1736
"2015-10-16 19:00:18","21 Inc.",2281
"2015-10-16 17:41:04","21 Inc.",429
"2015-10-16 05:44:49","21 Inc.",1298
"2015-10-16 01:24:18","21 Inc.",896
"2015-10-15 18:22:24","21 Inc.",719
"2015-10-15 17:43:44","21 Inc.",757
"2015-10-15 13:48:50","21 Inc.",1597
"2015-10-15 11:22:58","21 Inc.",401
"2015-10-15 11:05:20","21 Inc.",1785
"2015-10-15 10:16:17","21 Inc.",783
"2015-10-15 05:26:25","21 Inc.",815
"2015-10-15 03:22:41","21 Inc.",1938
"2015-10-14 16:11:29","21 Inc.",1762
"2015-10-14 14:45:53","21 Inc.",2501
"2015-10-14 13:41:05","21 Inc.",561
"2015-10-14 01:47:12","21 Inc.",793
"2015-10-13 23:46:58","21 Inc.",745
"2015-10-13 11:11:30","21 Inc.",2517
"2015-10-12 11:25:52","21 Inc.",747
"2015-10-12 05:18:58","21 Inc.",2090
"2015-10-12 03:16:50","21 Inc.",424
"2015-10-12 02:49:20","21 Inc.",1028
"2015-10-12 00:03:14","21 Inc.",1566
"2015-10-11 23:46:58","21 Inc.",2481
"2015-10-10 21:57:21","21 Inc.",578
"2015-10-10 20:51:44","21 Inc.",1259
"2015-10-10 17:06:42","21 Inc.",1940
"2015-10-10 15:45:06","21 Inc.",358
"2015-10-10 07:48:01","21 Inc.",518
"2015-10-10 03:37:05","21 Inc.",2148
"2015-10-10 01:40:02","21 Inc.",241
"2015-10-09 21:34:26","21 Inc.",939
"2015-10-09 19:30:10","21 Inc.",1136
"2015-10-09 04:05:36","21 Inc.",246
"2015-10-09 02:09:06","21 Inc.",593
"2015-10-08 18:29:54","21 Inc.",2212
"2015-10-08 17:59:12","21 Inc.",368
"2015-10-08 17:58:25","21 Inc.",1893
"2015-10-08 14:32:32","21 Inc.",1716
"2015-10-08 11:18:56","21 Inc.",888
"2015-10-08 10:32:50","21 Inc.",673
"2015-10-08 07:31:12","21 Inc.",2442
"2015-10-07 18:30:09","21 Inc.",2008
"2015-10-07 18:04:17","21 Inc.",819
"2015-10-07 17:29:52","21 Inc.",459
"2015-10-07 16:13:05","21 Inc.",849
"2015-10-07 16:00:50","21 Inc.",2763
"2015-10-07 12:23:13","21 Inc.",1779
"2015-10-07 11:17:52","21 Inc.",2306
"2015-10-07 00:21:20","21 Inc.",2248
"2015-10-06 20:17:53","21 Inc.",765
"2015-10-06 18:17:05","21 Inc.",1524
"2015-10-06 15:44:49","21 Inc.",2108
"2015-10-06 13:38:09","21 Inc.",128
"2015-10-06 08:56:16","21 Inc.",414
"2015-10-05 05:39:30","21 Inc.",1286
"2015-10-05 05:04:01","21 Inc.",207
"2015-10-05 04:56:49","21 Inc.",716
"2015-10-05 04:08:33","21 Inc.",239
"2015-10-05 02:40:18","21 Inc.",979
"2015-10-04 17:02:58","21 Inc.",590
"2015-10-04 13:34:58","21 Inc.",131
"2015-10-04 04:17:37","21 Inc.",23
"2015-10-03 23:07:13","21 Inc.",789
"2015-10-03 18:55:44","21 Inc.",2700
"2015-10-03 16:22:40","21 Inc.",692
"2015-10-03 13:24:51","21 Inc.",1111
"2015-10-03 05:08:49","21 Inc.",1076
"2015-10-02 12:44:01","21 Inc.",1471
"2015-10-02 07:56:02","21 Inc.",1093
"2015-10-01 10:56:32","21 Inc.",1349
"2015-10-01 10:24:18","21 Inc.",329
"2015-10-01 08:05:36","21 Inc.",566
"2015-10-01 07:27:45","21 Inc.",733
"2015-10-01 07:21:04","21 Inc.",747
"2015-09-30 22:49:06","21 Inc.",1099
"2015-09-30 22:00:17","21 Inc.",987
"2015-09-30 19:14:09","21 Inc.",99
"2015-09-30 14:17:54","21 Inc.",823
"2015-09-30 12:13:20","21 Inc.",1241
"2015-09-30 05:34:08","21 Inc.",815
"2015-09-29 22:20:48","21 Inc.",479
"2015-09-29 15:48:16","21 Inc.",77
"2015-09-29 13:26:57","21 Inc.",2361
"2015-09-29 07:43:28","21 Inc.",768
"2015-09-29 07:00:49","21 Inc.",336
"2015-09-29 03:02:41","21 Inc.",906
"2015-09-29 01:49:36","21 Inc.",371
"2015-09-28 21:22:25","21 Inc.",1248
"2015-09-28 17:29:05","21 Inc.",641
"2015-09-28 17:01:52","21 Inc.",181
"2015-09-28 15:07:28","21 Inc.",756
"2015-09-28 09:58:42","21 Inc.",1401
"2015-09-28 06:00:50","21 Inc.",919
"2015-09-28 04:36:32","21 Inc.",132
"2015-09-27 13:34:42","21 Inc.",242
"2015-09-27 13:14:26","21 Inc.",773
"2015-09-27 12:48:34","21 Inc.",199
"2015-09-26 21:20:32","21 Inc.",880
"2015-09-26 20:05:36","21 Inc.",1921
"2015-09-26 19:44:17","21 Inc.",1195
"2015-09-26 18:36:32","21 Inc.",2192
"2015-09-26 12:54:25","21 Inc.",875
"2015-09-26 01:08:32","21 Inc.",24
"2015-09-25 20:07:13","21 Inc.",823
"2015-09-25 16:02:24","21 Inc.",1028
"2015-09-25 15:04:01","21 Inc.",126
"2015-09-25 12:20:18","21 Inc.",135
"2015-09-25 02:17:38","21 Inc.",260
"2015-09-25 01:53:04","21 Inc.",750
"2015-09-25 01:17:54","21 Inc.",386
"2015-09-24 20:41:06","21 Inc.",2423
"2015-09-24 17:24:01","21 Inc.",1882
"2015-09-24 15:05:05","21 Inc.",451
"2015-09-23 23:31:44","21 Inc.",358
"2015-09-23 22:59:44","21 Inc.",212
"2015-09-23 19:56:17","21 Inc.",1067
"2015-09-23 18:13:20","21 Inc.",857
"2015-09-23 15:20:32","21 Inc.",1602
"2015-09-23 11:42:10","21 Inc.",1520
"2015-09-23 11:07:44","21 Inc.",2174
"2015-09-23 10:39:44","21 Inc.",378
"2015-09-23 06:58:26","21 Inc.",2072
"2015-09-22 20:25:52","21 Inc.",1102
"2015-09-22 15:13:20","21 Inc.",425
"2015-09-22 13:42:40","21 Inc.",2404
"2015-09-22 11:49:21","21 Inc.",1299
"2015-09-22 07:52:33","21 Inc.",285
"2015-09-22 06:46:41","21 Inc.",35
"2015-09-22 06:03:45","21 Inc.",176
"2015-09-22 00:56:32","21 Inc.",662
"2015-09-21 18:08:32","21 Inc.",2242
"2015-09-21 12:55:30","21 Inc.",1808
"2015-09-21 09:33:52","21 Inc.",556
"2015-09-21 08:41:37","21 Inc.",488
"2015-09-20 19:47:44","21 Inc.",1005
"2015-09-20 13:20:49","21 Inc.",754
"2015-09-20 10:45:04","21 Inc.",777
"2015-09-20 09:54:57","21 Inc.",193
"2015-09-20 04:06:58","21 Inc.",555
"2015-09-20 01:13:20","21 Inc.",1210
"2015-09-20 00:59:12","21 Inc.",448
"2015-09-19 22:54:10","21 Inc.",1801
"2015-09-19 09:33:53","21 Inc.",560
"2015-09-18 22:27:28","21 Inc.",1811
"2015-09-18 20:43:12","21 Inc.",687
"2015-09-18 19:50:24","21 Inc.",1360
"2015-09-18 16:36:50","21 Inc.",943
"2015-09-18 12:54:41","21 Inc.",1002
"2015-09-18 10:02:40","21 Inc.",863
"2015-09-18 08:37:38","21 Inc.",1995
"2015-09-18 02:34:56","21 Inc.",3282
"2015-09-17 21:35:28","21 Inc.",2535
"2015-09-17 21:34:40","21 Inc.",2342
"2015-09-17 14:20:17","21 Inc.",1691
"2015-09-17 11:55:12","21 Inc.",2996
"2015-09-17 09:22:56","21 Inc.",3916
"2015-09-17 03:46:57","21 Inc.",1148
"2015-09-16 23:02:58","21 Inc.",4004
"2015-09-16 20:56:18","21 Inc.",2116
"2015-09-16 15:00:32","21 Inc.",1472
"2015-09-16 11:53:54","21 Inc.",1188
"2015-09-16 09:50:40","21 Inc.",2175
"2015-09-16 02:51:46","21 Inc.",696
"2015-09-15 23:43:13","21 Inc.",727
"2015-09-15 23:41:04","21 Inc.",1224
"2015-09-15 16:56:32","21 Inc.",1946
"2015-09-15 16:24:50","21 Inc.",2459
"2015-09-15 14:16:48","21 Inc.",283
"2015-09-15 09:07:28","21 Inc.",1133
"2015-09-15 06:53:36","21 Inc.",743
"2015-09-15 03:45:52","21 Inc.",672
"2015-09-15 01:21:37","21 Inc.",927
"2015-09-14 19:18:25","21 Inc.",2181
"2015-09-14 18:16:32","21 Inc.",1300
"2015-09-14 13:45:38","21 Inc.",1363
"2015-09-14 13:14:25","21 Inc.",2173
"2015-09-14 10:12:50","21 Inc.",2185
"2015-09-14 08:40:50","21 Inc.",634
"2015-09-14 05:03:30","21 Inc.",807
"2015-09-13 23:32:18","21 Inc.",673
"2015-09-13 20:50:09","21 Inc.",1806
"2015-09-13 15:46:26","21 Inc.",1835
"2015-09-13 12:14:57","21 Inc.",1232
"2015-09-13 10:06:42","21 Inc.",2353
"2015-09-13 07:20:49","21 Inc.",2785
"2015-09-13 02:54:24","21 Inc.",1766
"2015-09-12 12:35:45","21 Inc.",743
"2015-09-12 11:44:00","21 Inc.",700
"2015-09-12 10:24:00","21 Inc.",720
"2015-09-12 10:21:05","21 Inc.",1816
"2015-09-12 05:02:26","21 Inc.",1781
"2015-09-12 00:06:40","21 Inc.",958
"2015-09-11 21:38:42","21 Inc.",895
"2015-09-11 17:27:44","21 Inc.",1223
"2015-09-11 12:43:29","21 Inc.",1152
"2015-09-11 10:14:26","21 Inc.",1015
"2015-09-11 06:15:13","21 Inc.",3740
"2015-09-10 22:20:17","21 Inc.",227
"2015-09-10 08:29:52","21 Inc.",650
"2015-09-10 03:47:14","21 Inc.",1077
"2015-09-10 02:50:57","21 Inc.",1764
"2015-09-10 01:34:41","21 Inc.",917
"2015-09-10 00:23:28","21 Inc.",906
"2015-09-09 23:35:45","21 Inc.",383
"2015-09-09 20:21:37","21 Inc.",313
"2015-09-09 20:09:20","21 Inc.",155
"2015-09-09 19:18:56","21 Inc.",683
"2015-09-09 18:16:18","21 Inc.",312
"2015-09-09 12:04:16","21 Inc.",519
"2015-09-09 10:45:04","21 Inc.",293
"2015-09-09 06:38:24","21 Inc.",2036
"2015-09-09 03:41:05","21 Inc.",830
"2015-09-09 02:04:33","21 Inc.",299
"2015-09-08 23:52:33","21 Inc.",2580
"2015-09-08 19:41:38","21 Inc.",1687
"2015-09-08 17:46:57","21 Inc.",823
"2015-09-08 14:33:20","21 Inc.",1537
"2015-09-08 07:20:33","21 Inc.",391
"2015-09-08 03:10:26","21 Inc.",301
"2015-09-07 20:48:02","21 Inc.",1503
"2015-09-07 10:38:08","21 Inc.",1348
"2015-09-06 17:50:56","21 Inc.",1804
"2015-09-06 13:32:50","21 Inc.",2241
"2015-09-06 12:53:52","21 Inc.",989
"2015-09-06 09:19:30","21 Inc.",180
"2015-09-06 08:54:40","21 Inc.",150
"2015-09-06 07:49:04","21 Inc.",1451
"2015-09-06 05:17:20","21 Inc.",72
"2015-09-05 19:06:41","21 Inc.",304
"2015-09-05 19:00:02","21 Inc.",228
"2015-09-05 16:25:53","21 Inc.",1120
"2015-09-05 16:12:33","21 Inc.",115
"2015-09-05 14:13:04","21 Inc.",820
"2015-09-05 03:07:14","21 Inc.",943
"2015-09-05 01:51:46","21 Inc.",351
"2015-09-04 23:45:22","21 Inc.",13
"2015-09-04 21:47:28","21 Inc.",335
"2015-09-04 18:40:00","21 Inc.",1074
"2015-09-04 04:28:03","21 Inc.",514
"2015-09-03 23:46:41","21 Inc.",72
"2015-09-03 22:34:56","21 Inc.",201
"2015-09-03 21:10:57","21 Inc.",1327
"2015-09-03 14:36:17","21 Inc.",637
"2015-09-03 07:33:53","21 Inc.",44
"2015-09-03 02:00:33","21 Inc.",1360
"2015-09-03 01:28:17","21 Inc.",1680
"2015-09-03 00:07:45","21 Inc.",1122
"2015-09-02 21:14:08","21 Inc.",1119
"2015-09-02 19:54:25","21 Inc.",551
"2015-09-02 16:20:18","21 Inc.",856
"2015-09-01 22:52:16","21 Inc.",2188
"2015-09-01 18:28:32","21 Inc.",973
"2015-09-01 17:17:54","21 Inc.",817
"2015-09-01 11:40:02","21 Inc.",200
"2015-09-01 10:39:46","21 Inc.",1094
"2015-09-01 10:26:56","21 Inc.",1519
"2015-09-01 09:52:33","21 Inc.",797
"2015-09-01 07:28:01","21 Inc.",59
"2015-09-01 07:00:48","21 Inc.",384
"2015-08-31 16:26:09","21 Inc.",1930
"2015-08-31 06:00:34","21 Inc.",1354
"2015-08-31 05:24:18","21 Inc.",485
"2015-08-31 03:05:52","21 Inc.",1227
"2015-08-31 01:29:54","21 Inc.",84
"2015-08-31 01:01:04","21 Inc.",537
"2015-08-30 12:53:21","21 Inc.",40
"2015-08-30 11:03:46","21 Inc.",375
"2015-08-30 02:22:10","21 Inc.",793
"2015-08-29 22:14:08","21 Inc.",405
"2015-08-29 19:46:42","21 Inc.",304
"2015-08-29 19:01:22","21 Inc.",617
"2015-08-29 16:53:05","21 Inc.",897
"2015-08-29 13:13:52","21 Inc.",978
"2015-08-29 11:31:12","21 Inc.",837
"2015-08-29 07:05:38","21 Inc.",209
"2015-08-28 16:49:53","21 Inc.",636
"2015-08-28 15:40:48","21 Inc.",319
"2015-08-28 11:48:00","21 Inc.",115
"2015-08-28 10:43:44","21 Inc.",373
"2015-08-28 06:41:54","21 Inc.",592
"2015-08-28 05:59:28","21 Inc.",1652
"2015-08-28 02:40:49","21 Inc.",1429
"2015-08-28 00:01:05","21 Inc.",367
"2015-08-27 22:30:09","21 Inc.",434
"2015-08-27 18:48:50","21 Inc.",867
"2015-08-27 18:11:45","21 Inc.",641
"2015-08-27 14:16:00","21 Inc.",1012
"2015-08-27 08:29:54","21 Inc.",398
"2015-08-27 07:27:45","21 Inc.",1760
"2015-08-27 04:49:53","21 Inc.",765
"2015-08-26 20:48:50","21 Inc.",413
"2015-08-26 18:45:37","21 Inc.",523
"2015-08-26 14:58:24","21 Inc.",2896
"2015-08-26 10:12:32","21 Inc.",536
"2015-08-26 05:57:21","21 Inc.",315
"2015-08-26 05:55:13","21 Inc.",646
"2015-08-26 00:04:00","21 Inc.",1318
"2015-08-25 22:30:57","21 Inc.",930
"2015-08-25 19:24:00","21 Inc.",937
"2015-08-25 19:20:18","21 Inc.",2313
"2015-08-25 16:09:36","21 Inc.",1520
"2015-08-25 12:38:24","21 Inc.",1171
"2015-08-25 11:04:02","21 Inc.",1304
"2015-08-25 07:32:50","21 Inc.",756
"2015-08-25 00:01:06","21 Inc.",78
"2015-08-24 22:36:34","21 Inc.",1116
"2015-08-24 21:00:49","21 Inc.",1080
"2015-08-24 13:36:17","21 Inc.",845
"2015-08-24 13:28:16","21 Inc.",90
"2015-08-24 12:26:41","21 Inc.",29
"2015-08-24 04:35:29","21 Inc.",294
"2015-08-24 02:09:20","21 Inc.",341
"2015-08-23 17:14:57","21 Inc.",403
"2015-08-23 15:14:24","21 Inc.",1588
"2015-08-23 11:06:25","21 Inc.",939
"2015-08-23 03:28:02","21 Inc.",2074
"2015-08-22 22:33:05","21 Inc.",378
"2015-08-22 20:51:29","21 Inc.",452
"2015-08-22 19:07:28","21 Inc.",132
"2015-08-22 17:53:54","21 Inc.",1404
"2015-08-22 16:44:18","21 Inc.",700
"2015-08-22 16:34:40","21 Inc.",152
"2015-08-22 12:26:42","21 Inc.",547
"2015-08-22 07:46:26","21 Inc.",2239
"2015-08-22 06:11:29","21 Inc.",797
"2015-08-22 00:12:32","21 Inc.",1564
"2015-08-21 21:59:28","21 Inc.",1520
"2015-08-21 19:24:50","21 Inc.",1129
"2015-08-21 14:52:00","21 Inc.",234
"2015-08-21 11:05:52","21 Inc.",495
"2015-08-21 02:08:18","21 Inc.",1623
"2015-08-21 01:45:04","21 Inc.",1347
"2015-08-20 23:00:48","21 Inc.",324
"2015-08-20 22:57:52","21 Inc.",749
"2015-08-20 19:33:36","21 Inc.",1897
"2015-08-20 17:30:56","21 Inc.",177
"2015-08-20 16:54:41","21 Inc.",721
"2015-08-20 16:50:57","21 Inc.",2135
"2015-08-20 10:13:05","21 Inc.",828
"2015-08-19 16:42:42","21 Inc.",871
"2015-08-19 16:41:05","21 Inc.",2324
"2015-08-19 13:46:25","21 Inc.",371
"2015-08-19 09:37:20","21 Inc.",560
"2015-08-19 08:51:15","21 Inc.",160
"2015-08-18 18:17:37","21 Inc.",523
"2015-08-18 13:26:24","21 Inc.",332
"2015-08-18 06:31:46","21 Inc.",424
"2015-08-18 03:08:01","21 Inc.",1109
"2015-08-17 21:29:21","21 Inc.",77
"2015-08-17 21:05:21","21 Inc.",418
"2015-08-17 19:00:16","21 Inc.",2720
"2015-08-17 15:13:20","21 Inc.",2146
"2015-08-17 14:54:56","21 Inc.",1168
"2015-08-17 11:49:36","21 Inc.",2062
"2015-08-17 07:17:05","21 Inc.",246
"2015-08-17 01:58:24","21 Inc.",626
"2015-08-16 18:01:04","21 Inc.",525
"2015-08-16 16:30:24","21 Inc.",70
"2015-08-16 16:28:16","21 Inc.",403
"2015-08-16 02:02:57","21 Inc.",171
"2015-08-16 01:58:57","21 Inc.",210
"2015-08-16 01:39:30","21 Inc.",123
"2015-08-15 21:50:08","21 Inc.",555
"2015-08-15 21:43:13","21 Inc.",511
"2015-08-15 19:16:18","21 Inc.",471
"2015-08-15 15:41:21","21 Inc.",493
"2015-08-15 11:00:34","21 Inc.",721
"2015-08-15 04:48:00","21 Inc.",688
"2015-08-15 00:46:09","21 Inc.",649
"2015-08-14 21:51:29","21 Inc.",2021
"2015-08-14 08:19:29","21 Inc.",125
"2015-08-14 06:34:08","21 Inc.",467
"2015-08-14 04:26:09","21 Inc.",523
"2015-08-14 01:06:56","21 Inc.",630
"2015-08-13 23:27:30","21 Inc.",1927
"2015-08-13 16:07:44","21 Inc.",1893
"2015-08-13 14:43:13","21 Inc.",702
"2015-08-13 11:44:48","21 Inc.",52
"2015-08-12 23:09:05","21 Inc.",547
"2015-08-12 21:38:41","21 Inc.",2213
"2015-08-11 22:44:49","21 Inc.",508
"2015-08-11 22:32:17","21 Inc.",324
"2015-08-11 22:25:06","21 Inc.",491
"2015-08-11 10:34:40","21 Inc.",1685
"2015-08-11 10:10:40","21 Inc.",891
"2015-08-11 05:42:56","21 Inc.",1956
"2015-08-11 02:36:17","21 Inc.",543
"2015-08-11 01:13:21","21 Inc.",872
"2015-08-10 23:18:26","21 Inc.",1545
"2015-08-10 17:23:28","21 Inc.",621
"2015-08-10 13:30:40","21 Inc.",220
"2015-08-10 10:02:58","21 Inc.",218
"2015-08-10 09:12:18","21 Inc.",1297
"2015-08-10 08:48:34","21 Inc.",297
"2015-08-10 07:10:08","21 Inc.",68
"2015-08-10 05:28:33","21 Inc.",282
"2015-08-10 01:11:28","21 Inc.",24
"2015-08-09 22:58:40","21 Inc.",61
"2015-08-09 22:00:17","21 Inc.",64
"2015-08-09 19:55:12","21 Inc.",417
"2015-08-09 18:20:00","21 Inc.",1295
"2015-08-09 14:06:41","21 Inc.",677
"2015-08-08 16:39:45","21 Inc.",751
"2015-08-08 11:46:08","21 Inc.",990
"2015-08-08 10:49:21","21 Inc.",591
"2015-08-08 00:29:52","21 Inc.",1198
"2015-08-07 22:51:12","21 Inc.",553
"2015-08-07 20:17:05","21 Inc.",1356
"2015-08-07 15:16:34","21 Inc.",1853
"2015-08-07 12:32:48","21 Inc.",965
"2015-08-07 05:27:13","21 Inc.",945
"2015-08-07 00:39:30","21 Inc.",974
"2015-08-06 20:58:25","21 Inc.",515
"2015-08-06 18:51:13","21 Inc.",502
"2015-08-06 17:36:34","21 Inc.",434
"2015-08-06 13:05:52","21 Inc.",1543
"2015-08-06 10:32:32","21 Inc.",613
"2015-08-06 06:08:34","21 Inc.",708
"2015-08-05 20:43:44","21 Inc.",755
"2015-08-05 19:46:57","21 Inc.",445
"2015-08-05 08:41:05","21 Inc.",824
"2015-08-05 05:14:26","21 Inc.",423
"2015-08-04 21:24:18","21 Inc.",550
"2015-08-04 19:16:00","21 Inc.",584
"2015-08-04 15:45:22","21 Inc.",2149
"2015-08-04 10:50:11","21 Inc.",919
"2015-08-04 10:16:34","21 Inc.",1370
"2015-08-04 01:18:56","21 Inc.",556
"2015-08-04 01:16:16","21 Inc.",699
"2015-08-03 20:17:36","21 Inc.",302
"2015-08-03 19:57:22","21 Inc.",432
"2015-08-03 18:38:58","21 Inc.",1265
"2015-08-03 15:47:29","21 Inc.",348
"2015-08-03 14:15:31","21 Inc.",738
"2015-08-03 13:03:30","21 Inc.",243
"2015-08-03 08:48:50","21 Inc.",612
"2015-08-03 06:43:44","21 Inc.",1034
"2015-08-02 22:43:46","21 Inc.",2447
"2015-08-02 14:56:49","21 Inc.",288
"2015-08-02 14:32:34","21 Inc.",210
"2015-08-02 02:15:30","21 Inc.",502
"2015-08-01 18:22:41","21 Inc.",526
"2015-08-01 16:41:05","21 Inc.",1641
"2015-08-01 14:44:33","21 Inc.",625
"2015-08-01 10:35:44","21 Inc.",944
"2015-08-01 08:14:24","21 Inc.",495
"2015-08-01 04:04:01","21 Inc.",907
"2015-08-01 01:14:08","21 Inc.",466
"2015-07-31 23:44:17","21 Inc.",852
"2015-07-31 20:19:13","21 Inc.",1172
"2015-07-31 12:00:16","21 Inc.",836
"2015-07-31 08:52:00","21 Inc.",1150
"2015-07-31 05:59:44","21 Inc.",442
"2015-07-31 04:56:18","21 Inc.",795
"2015-07-31 02:30:26","21 Inc.",752
"2015-07-30 15:41:54","21 Inc.",573
"2015-07-30 14:12:34","21 Inc.",511
"2015-07-30 12:50:57","21 Inc.",1880
"2015-07-30 11:56:50","21 Inc.",1821
"2015-07-30 00:00:00","21 Inc.",637
"2015-07-29 22:09:20","21 Inc.",647
"2015-07-29 12:43:45","21 Inc.",550
"2015-07-29 10:48:17","21 Inc.",436
"2015-07-29 09:53:06","21 Inc.",524
"2015-07-29 08:50:57","21 Inc.",622
"2015-07-29 01:14:09","21 Inc.",768
"2015-07-28 18:29:38","21 Inc.",1494
"2015-07-28 09:03:14","21 Inc.",234
"2015-07-27 23:48:48","21 Inc.",1098
"2015-07-27 23:14:09","21 Inc.",1059
"2015-07-27 21:24:48","21 Inc.",709
"2015-07-27 16:45:52","21 Inc.",781
"2015-07-27 16:36:50","21 Inc.",625
"2015-07-27 15:33:22","21 Inc.",1542
"2015-07-27 08:50:24","21 Inc.",86
"2015-07-27 06:49:06","21 Inc.",1464
"2015-07-27 06:18:26","21 Inc.",229
"2015-07-27 04:32:48","21 Inc.",1001
"2015-07-27 04:02:57","21 Inc.",852
"2015-07-27 03:03:28","21 Inc.",529
"2015-07-27 02:25:53","21 Inc.",689
"2015-07-27 01:02:56","21 Inc.",1204
"2015-07-26 21:29:54","21 Inc.",985
"2015-07-26 16:21:53","21 Inc.",1204
"2015-07-26 11:51:29","21 Inc.",917
"2015-07-26 08:55:14","21 Inc.",1459
"2015-07-26 06:45:21","21 Inc.",135
"2015-07-25 21:50:56","21 Inc.",2235
"2015-07-25 18:57:20","21 Inc.",109
"2015-07-25 18:05:36","21 Inc.",1427
"2015-07-25 16:16:50","21 Inc.",968
"2015-07-25 15:13:36","21 Inc.",232
"2015-07-25 08:52:17","21 Inc.",273
"2015-07-24 23:46:56","21 Inc.",1570
"2015-07-24 18:24:49","21 Inc.",1899
"2015-07-24 12:57:05","21 Inc.",158
"2015-07-23 16:33:06","21 Inc.",303
"2015-07-23 14:09:21","21 Inc.",1297
"2015-07-23 03:27:14","21 Inc.",559
"2015-07-23 02:07:29","21 Inc.",29
"2015-07-23 00:40:00","21 Inc.",36
"2015-07-23 00:34:25","21 Inc.",1008
"2015-07-22 23:53:05","21 Inc.",319
"2015-07-22 23:22:26","21 Inc.",229
"2015-07-22 20:52:18","21 Inc.",2924
"2015-07-22 19:22:41","21 Inc.",290
"2015-07-22 10:15:12","21 Inc.",167
"2015-07-22 10:02:58","21 Inc.",622
"2015-07-22 08:33:20","21 Inc.",286
"2015-07-22 08:12:49","21 Inc.",715
"2015-07-22 06:58:41","21 Inc.",106
"2015-07-21 23:04:01","21 Inc.",1672
"2015-07-21 09:46:24","21 Inc.",201
"2015-07-21 07:44:18","21 Inc.",258
"2015-07-21 07:24:18","21 Inc.",1526
"2015-07-21 05:17:53","21 Inc.",1264
"2015-07-20 20:41:53","21 Inc.",246
"2015-07-20 20:29:53","21 Inc.",1717
"2015-07-20 18:38:26","21 Inc.",684
"2015-07-20 09:04:32","21 Inc.",1485
"2015-07-20 05:09:38","21 Inc.",1171
"2015-07-20 03:09:04","21 Inc.",151
"2015-07-19 12:16:33","21 Inc.",723
"2015-07-19 09:40:00","21 Inc.",503
"2015-07-19 08:13:06","21 Inc.",115
"2015-07-19 04:58:26","21 Inc.",2256
"2015-07-19 04:44:00","21 Inc.",1313
"2015-07-19 01:46:09","21 Inc.",1549
"2015-07-19 00:27:13","21 Inc.",2625
"2015-07-18 05:08:18","21 Inc.",590
"2015-07-18 04:58:42","21 Inc.",3487
"2015-07-18 02:15:29","21 Inc.",725
"2015-07-17 22:47:46","21 Inc.",1656
"2015-07-17 22:15:44","21 Inc.",521
"2015-07-17 21:35:13","21 Inc.",1986
"2015-07-17 21:18:56","21 Inc.",2806
"2015-07-17 11:05:36","21 Inc.",1257
"2015-07-16 23:38:58","21 Inc.",629
"2015-07-16 20:57:04","21 Inc.",264
"2015-07-16 13:10:24","21 Inc.",820
"2015-07-16 13:02:58","21 Inc.",1822
"2015-07-16 02:54:58","21 Inc.",265
"2015-07-16 02:58:56","21 Inc.",1122
"2015-07-16 01:46:56","21 Inc.",670
"2015-07-15 16:29:36","21 Inc.",2978
"2015-07-15 15:44:01","21 Inc.",1133
"2015-07-15 12:00:32","21 Inc.",410
"2015-07-15 10:20:48","21 Inc.",299
"2015-07-15 10:22:41","21 Inc.",762
"2015-07-14 20:20:32","21 Inc.",1528
"2015-07-14 19:55:14","21 Inc.",452
"2015-07-14 15:50:41","21 Inc.",1939
"2015-07-13 23:43:45","21 Inc.",1694
"2015-07-13 20:22:25","21 Inc.",386
"2015-07-13 19:36:17","21 Inc.",1429
"2015-07-13 17:40:00","21 Inc.",588
"2015-07-13 16:00:34","21 Inc.",796
"2015-07-13 12:02:26","21 Inc.",300
"2015-07-13 11:20:01","21 Inc.",403
"2015-07-13 05:53:37","21 Inc.",1965
"2015-07-13 03:22:40","21 Inc.",1729
"2015-07-13 03:10:57","21 Inc.",933
"2015-07-13 00:43:29","21 Inc.",336
"2015-07-12 21:49:53","21 Inc.",2158
"2015-07-12 08:55:29","21 Inc.",306
"2015-07-12 03:54:08","21 Inc.",2087
"2015-07-12 02:53:36","21 Inc.",302
"2015-07-12 02:23:46","21 Inc.",1114
"2015-07-11 17:43:44","21 Inc.",1974
"2015-07-11 05:21:38","21 Inc.",651
"2015-07-11 04:32:34","21 Inc.",382
"2015-07-11 01:47:45","21 Inc.",605
"2015-07-10 20:44:49","21 Inc.",1062
"2015-07-10 17:49:36","21 Inc.",1107
"2015-07-10 16:09:06","21 Inc.",1797
"2015-07-10 12:53:05","21 Inc.",2504
"2015-07-10 11:40:02","21 Inc.",1387
"2015-07-10 11:19:14","21 Inc.",1124
"2015-07-09 18:09:37","21 Inc.",3056
"2015-07-09 14:03:30","21 Inc.",2299
"2015-07-08 17:31:44","21 Inc.",2765
"2015-07-07 23:34:25","21 Inc.",2973
"2015-07-07 21:53:22","21 Inc.",2783
"2015-07-07 21:45:21","21 Inc.",2028
"2015-07-07 17:27:14","21 Inc.",1213
"2015-07-07 15:08:49","21 Inc.",1654
"2015-07-07 14:18:40","21 Inc.",1517
"2015-07-07 13:46:58","21 Inc.",1495
"2015-07-07 12:51:44","21 Inc.",720
"2015-07-07 11:18:25","21 Inc.",836
"2015-07-07 08:28:49","21 Inc.",1208
"2015-07-07 02:14:25","21 Inc.",2808
"2015-07-06 23:56:17","21 Inc.",597
"2015-07-06 22:55:44","21 Inc.",1168
"2015-07-06 21:14:10","21 Inc.",1492
"2015-07-06 19:59:29","21 Inc.",2399
"2015-07-06 19:24:49","21 Inc.",1480
"2015-07-06 17:53:04","21 Inc.",2524
"2015-07-06 06:39:28","21 Inc.",416
"2015-07-06 05:53:06","21 Inc.",368
"2015-07-06 04:04:16","21 Inc.",351
"2015-07-06 01:49:04","21 Inc.",248
"2015-07-05 18:36:17","21 Inc.",826
"2015-07-05 15:45:36","21 Inc.",1220
"2015-07-05 11:41:52","21 Inc.",2178
"2015-07-05 10:17:04","21 Inc.",392
"2015-07-05 06:20:34","21 Inc.",237
"2015-07-05 05:13:20","21 Inc.",989
"2015-07-04 23:20:48","21 Inc.",37
"2015-07-04 17:44:32","21 Inc.",744
"2015-07-04 09:51:45","21 Inc.",55
"2015-07-04 09:18:57","21 Inc.",1587
"2015-07-04 01:25:37","21 Inc.",378
"2015-07-03 22:07:30","21 Inc.",1356
"2015-07-03 20:25:04","21 Inc.",231
"2015-07-03 19:52:49","21 Inc.",508
"2015-07-03 17:40:18","21 Inc.",1870
"2015-07-03 15:31:13","21 Inc.",109
"2015-07-03 13:17:05","21 Inc.",1183
"2015-07-03 09:55:29","21 Inc.",1518
"2015-07-03 07:16:01","21 Inc.",933
"2015-07-03 01:47:13","21 Inc.",775
"2015-07-03 00:17:54","21 Inc.",1590
"2015-07-02 14:22:40","21 Inc.",673
"2015-07-02 13:16:33","21 Inc.",958
"2015-07-02 08:55:44","21 Inc.",270
"2015-07-02 08:45:05","21 Inc.",392
"2015-07-02 02:58:09","21 Inc.",995
"2015-07-02 02:20:00","21 Inc.",1377
"2015-07-02 01:46:08","21 Inc.",219
"2015-07-02 00:56:01","21 Inc.",1309
"2015-07-01 23:06:09","21 Inc.",2089
"2015-07-01 19:52:33","21 Inc.",1094
"2015-07-01 02:56:50","21 Inc.",1008
"2015-07-01 01:24:16","21 Inc.",533
"2015-06-30 22:24:34","21 Inc.",1000
"2015-06-30 22:06:08","21 Inc.",771
"2015-06-30 20:01:54","21 Inc.",1969
"2015-06-30 18:34:25","21 Inc.",1999
"2015-06-30 12:35:13","21 Inc.",1290
"2015-06-30 09:23:30","21 Inc.",1135
"2015-06-30 07:33:52","21 Inc.",123
"2015-06-29 23:45:38","21 Inc.",109
"2015-06-29 23:07:13","21 Inc.",88
"2015-06-29 20:36:49","21 Inc.",961
"2015-06-29 15:28:17","21 Inc.",1653
"2015-06-29 03:09:54","21 Inc.",99
"2015-06-29 02:17:52","21 Inc.",1141
"2015-06-29 01:16:17","21 Inc.",1281
"2015-06-28 11:54:09","21 Inc.",779
"2015-06-28 08:56:17","21 Inc.",135
"2015-06-28 08:13:04","21 Inc.",637
"2015-06-27 23:57:04","21 Inc.",1060
"2015-06-27 22:10:56","21 Inc.",801
"2015-06-27 21:42:09","21 Inc.",330
"2015-06-27 20:58:09","21 Inc.",226
"2015-06-27 20:55:45","21 Inc.",353
"2015-06-27 20:25:22","21 Inc.",510
"2015-06-27 16:44:33","21 Inc.",360
"2015-06-27 09:22:57","21 Inc.",945
"2015-06-27 05:48:16","21 Inc.",263
"2015-06-27 05:43:13","21 Inc.",459
"2015-06-27 01:51:45","21 Inc.",470
"2015-06-27 01:12:33","21 Inc.",1592
"2015-06-26 22:10:56","21 Inc.",1917
"2015-06-26 10:49:05","21 Inc.",1079
"2015-06-26 05:01:05","21 Inc.",495
"2015-06-26 03:34:41","21 Inc.",1364
"2015-06-25 21:47:29","21 Inc.",299
"2015-06-25 16:26:56","21 Inc.",357
"2015-06-25 15:43:14","21 Inc.",2392
"2015-06-25 09:05:37","21 Inc.",736
"2015-06-25 08:40:02","21 Inc.",1497
"2015-06-24 23:58:42","21 Inc.",351
"2015-06-24 16:35:28","21 Inc.",1247
"2015-06-24 13:24:16","21 Inc.",533
"2015-06-24 01:02:41","21 Inc.",710
"2015-06-23 18:37:37","21 Inc.",45
"2015-06-23 16:42:08","21 Inc.",1536
"2015-06-23 11:59:29","21 Inc.",1609
"2015-06-23 10:28:48","21 Inc.",1086
"2015-06-23 05:36:18","21 Inc.",627
"2015-06-23 04:08:33","21 Inc.",99
"2015-06-23 02:21:54","21 Inc.",1074
"2015-06-23 02:01:54","21 Inc.",1679
"2015-06-22 13:25:38","21 Inc.",332
"2015-06-22 10:37:37","21 Inc.",123
"2015-06-22 08:30:40","21 Inc.",58
"2015-06-21 21:48:00","21 Inc.",241
"2015-06-21 16:17:38","21 Inc.",1143
"2015-06-21 08:19:44","21 Inc.",707
"2015-06-21 01:56:34","21 Inc.",550
"2015-06-20 17:22:56","21 Inc.",654
"2015-06-20 09:46:09","21 Inc.",1409
"2015-06-20 08:34:25","21 Inc.",532
"2015-06-20 03:07:30","21 Inc.",1084
"2015-06-20 00:46:09","21 Inc.",155
"2015-06-19 21:18:57","21 Inc.",1832
"2015-06-19 20:49:21","21 Inc.",1191
"2015-06-19 20:35:14","21 Inc.",1669
"2015-06-19 19:46:09","21 Inc.",1186
"2015-06-19 18:09:21","21 Inc.",128
"2015-06-19 17:35:45","21 Inc.",893
"2015-06-19 16:31:12","21 Inc.",614
"2015-06-19 15:07:13","21 Inc.",1478
"2015-06-19 12:41:38","21 Inc.",628
"2015-06-19 06:59:44","21 Inc.",574
"2015-06-19 05:17:52","21 Inc.",648
"2015-06-18 21:01:54","21 Inc.",1332
"2015-06-18 16:03:30","21 Inc.",1353
"2015-06-18 14:04:00","21 Inc.",102
"2015-06-17 21:22:42","21 Inc.",1450
"2015-06-17 20:03:31","21 Inc.",1572
"2015-06-17 17:48:01","21 Inc.",1883
"2015-06-17 15:50:41","21 Inc.",1150
"2015-06-17 13:10:41","21 Inc.",1408
"2015-06-17 12:56:33","21 Inc.",1085
"2015-06-17 06:57:06","21 Inc.",612
"2015-06-17 06:00:34","21 Inc.",260
"2015-06-17 01:54:40","21 Inc.",1406
"2015-06-17 01:28:07","21 Inc.",1106
"2015-06-16 18:09:54","21 Inc.",631
"2015-06-16 12:21:36","21 Inc.",1922
"2015-06-16 09:00:48","21 Inc.",570
"2015-06-16 04:43:44","21 Inc.",82
"2015-06-15 17:56:48","21 Inc.",2212
"2015-06-15 16:28:32","21 Inc.",176
"2015-06-15 10:13:04","21 Inc.",1133
"2015-06-15 06:01:22","21 Inc.",296
"2015-06-15 00:10:57","21 Inc.",658
"2015-06-14 15:11:25","21 Inc.",708
"2015-06-14 15:02:41","21 Inc.",416
"2015-06-14 12:51:28","21 Inc.",422
"2015-06-14 06:08:42","21 Inc.",2028
"2015-06-14 04:53:20","21 Inc.",163
"2015-06-14 03:17:36","21 Inc.",356
"2015-06-14 01:09:20","21 Inc.",944
"2015-06-13 21:32:00","21 Inc.",295
"2015-06-13 16:28:49","21 Inc.",1128
"2015-06-13 13:47:28","21 Inc.",342
"2015-06-13 11:55:45","21 Inc.",926
"2015-06-13 09:43:13","21 Inc.",900
"2015-06-13 08:48:49","21 Inc.",204
"2015-06-13 05:14:25","21 Inc.",857
"2015-06-13 03:25:36","21 Inc.",1077
"2015-06-13 02:12:10","21 Inc.",466
"2015-06-12 14:33:37","21 Inc.",910
"2015-06-12 05:03:12","21 Inc.",789
"2015-06-12 00:33:54","21 Inc.",1638
"2015-06-11 23:36:11","21 Inc.",161
"2015-06-11 18:49:22","21 Inc.",788
"2015-06-11 14:57:36","21 Inc.",380
"2015-06-11 11:50:40","21 Inc.",479
"2015-06-11 09:43:50","21 Inc.",1576
"2015-06-11 06:35:14","21 Inc.",692
"2015-06-11 05:53:37","21 Inc.",209
"2015-06-11 04:25:06","21 Inc.",1022
"2015-06-10 22:41:36","21 Inc.",613
"2015-06-10 16:57:37","21 Inc.",645
"2015-06-10 11:57:38","21 Inc.",206
"2015-06-10 06:42:08","21 Inc.",338
"2015-06-10 01:53:54","21 Inc.",1088
"2015-06-10 00:19:13","21 Inc.",1251
"2015-06-09 23:12:50","21 Inc.",1090
"2015-06-09 21:32:17","21 Inc.",774
"2015-06-09 14:24:01","21 Inc.",1305
"2015-06-09 13:57:37","21 Inc.",647
"2015-06-08 22:00:01","21 Inc.",70
"2015-06-08 21:33:36","21 Inc.",1788
"2015-06-08 20:04:49","21 Inc.",110
"2015-06-08 16:08:01","21 Inc.",373
"2015-06-08 13:28:01","21 Inc.",1632
"2015-06-07 20:23:45","21 Inc.",259
"2015-06-07 18:46:10","21 Inc.",120
"2015-06-07 17:24:48","21 Inc.",874
"2015-06-07 14:31:14","21 Inc.",638
"2015-06-07 14:28:33","21 Inc.",374
"2015-06-07 04:24:48","21 Inc.",158
"2015-06-06 18:29:38","21 Inc.",63
"2015-06-06 18:26:57","21 Inc.",82
"2015-06-06 10:44:02","21 Inc.",583
"2015-06-06 06:40:48","21 Inc.",516
"2015-06-06 06:12:02","21 Inc.",103
"2015-06-06 04:10:10","21 Inc.",241
"2015-06-06 01:48:32","21 Inc.",489
"2015-06-05 02:31:29","21 Inc.",310
"2015-06-04 10:25:37","21 Inc.",1407
"2015-06-04 10:07:12","21 Inc.",164
"2015-06-04 05:34:24","21 Inc.",139
"2015-06-04 05:10:40","21 Inc.",221
"2015-06-04 02:59:29","21 Inc.",202
"2015-06-04 00:17:05","21 Inc.",1467
"2015-06-03 23:20:50","21 Inc.",348
"2015-06-03 21:47:13","21 Inc.",1124
"2015-06-03 21:37:36","21 Inc.",1846
"2015-06-03 19:42:56","21 Inc.",1151
"2015-06-03 19:20:17","21 Inc.",376
"2015-06-03 12:49:05","21 Inc.",1370
"2015-06-03 12:29:52","21 Inc.",358
"2015-06-03 12:12:49","21 Inc.",347
"2015-06-03 08:21:38","21 Inc.",2087
"2015-06-03 05:30:42","21 Inc.",658
"2015-06-02 23:17:20","21 Inc.",756
"2015-06-02 22:02:40","21 Inc.",1257
"2015-06-02 21:14:42","21 Inc.",1430
"2015-06-02 17:47:45","21 Inc.",298
"2015-06-02 15:16:00","21 Inc.",240
"2015-06-02 08:28:16","21 Inc.",1372
"2015-06-02 07:54:40","21 Inc.",1677
"2015-06-02 04:14:25","21 Inc.",946
"2015-06-01 17:50:57","21 Inc.",1452
"2015-06-01 16:37:53","21 Inc.",901
"2015-06-01 13:57:06","21 Inc.",1492
"2015-06-01 12:46:09","21 Inc.",602
"2015-06-01 04:14:26","21 Inc.",2015
"2015-06-01 02:49:21","21 Inc.",1546
"2015-06-01 00:02:42","21 Inc.",281
"2015-05-31 13:26:41","21 Inc.",324
"2015-05-31 09:17:36","21 Inc.",1474
"2015-05-31 08:32:33","21 Inc.",583
"2015-05-31 07:19:44","21 Inc.",1381
"2015-05-31 05:54:56","21 Inc.",624
"2015-05-31 03:18:40","21 Inc.",687
"2015-05-31 01:16:32","21 Inc.",266
"2015-05-30 22:29:21","21 Inc.",56
"2015-05-30 11:35:46","21 Inc.",241
"2015-05-30 09:21:06","21 Inc.",149
"2015-05-30 00:18:24","21 Inc.",2280
"2015-05-29 22:28:49","21 Inc.",1355
"2015-05-29 20:47:29","21 Inc.",1957
"2015-05-29 15:31:12","21 Inc.",1016
"2015-05-29 15:16:16","21 Inc.",1210
"2015-05-29 10:05:21","21 Inc.",1411
"2015-05-29 07:56:00","21 Inc.",790
"2015-05-29 07:33:20","21 Inc.",651
"2015-05-29 05:50:42","21 Inc.",377
"2015-05-29 00:20:49","21 Inc.",524
"2015-05-29 00:02:40","21 Inc.",1013
"2015-05-28 11:43:13","21 Inc.",431
"2015-05-27 23:21:37","21 Inc.",708
"2015-05-27 22:47:29","21 Inc.",237
"2015-05-27 17:58:24","21 Inc.",618
"2015-05-27 16:20:18","21 Inc.",1361
"2015-05-27 12:47:12","21 Inc.",1076
"2015-05-27 10:57:53","21 Inc.",905
"2015-05-27 10:44:32","21 Inc.",1031
"2015-05-27 06:42:09","21 Inc.",1220
"2015-05-26 23:26:10","21 Inc.",964
"2015-05-26 18:44:01","21 Inc.",1497
"2015-05-26 15:10:41","21 Inc.",848
"2015-05-26 09:13:05","21 Inc.",601
"2015-05-26 07:51:29","21 Inc.",208
"2015-05-26 07:07:12","21 Inc.",1324
"2015-05-25 15:37:06","21 Inc.",1962
"2015-05-25 09:44:49","21 Inc.",754
"2015-05-25 08:37:06","21 Inc.",1087
"2015-05-25 03:28:01","21 Inc.",132
"2015-05-25 03:06:56","21 Inc.",1206
"2015-05-25 01:40:49","21 Inc.",467
"2015-05-25 00:26:57","21 Inc.",359
"2015-05-24 19:57:53","21 Inc.",1337
"2015-05-24 16:20:16","21 Inc.",412
"2015-05-24 14:24:16","21 Inc.",161
"2015-05-24 13:39:12","21 Inc.",244
"2015-05-24 08:09:52","21 Inc.",36
"2015-05-24 08:02:41","21 Inc.",1176
"2015-05-24 03:45:36","21 Inc.",818
"2015-05-23 23:37:36","21 Inc.",90
"2015-05-23 19:09:21","21 Inc.",1151
"2015-05-23 17:32:32","21 Inc.",1084
"2015-05-23 01:14:25","21 Inc.",190
"2015-05-22 08:10:58","21 Inc.",602
"2015-05-21 07:49:20","21 Inc.",955
"2015-05-20 16:31:45","21 Inc.",731
"2015-05-17 17:50:08","21 Inc.",350
"2015-05-17 06:46:56","21 Inc.",107
"2015-05-17 00:46:56","21 Inc.",158
"2015-05-16 21:05:20","21 Inc.",182
"2015-05-16 08:23:12","21 Inc.",1574
"2015-05-16 07:09:53","21 Inc.",76
"2015-05-16 06:50:08","21 Inc.",1477
"2015-05-16 01:22:08","21 Inc.",235
"2015-05-16 00:42:09","21 Inc.",1182
"2015-05-15 17:44:01","21 Inc.",624
"2015-05-15 08:31:30","21 Inc.",329
"2015-05-15 08:26:57","21 Inc.",581
"2015-05-15 06:56:01","21 Inc.",595
"2015-05-15 06:24:17","21 Inc.",2046
"2015-05-15 01:11:14","21 Inc.",154
"2015-05-14 20:01:53","21 Inc.",1323
"2015-05-14 08:00:19","21 Inc.",1707
"2015-05-13 20:00:33","21 Inc.",1105
"2015-05-13 05:52:17","21 Inc.",304
"2015-05-13 00:04:00","21 Inc.",485
"2015-05-12 21:55:45","21 Inc.",27
"2015-05-12 19:41:37","21 Inc.",908
"2015-05-12 06:00:34","21 Inc.",56
"2015-05-12 00:34:25","21 Inc.",135
"2015-05-11 18:42:09","21 Inc.",1786
"2015-05-11 14:12:00","21 Inc.",72
"2015-05-11 10:25:04","21 Inc.",1028
"2015-05-11 09:19:44","21 Inc.",795
"2015-05-11 07:05:04","21 Inc.",194
"2015-05-11 01:06:58","21 Inc.",530
"2015-05-10 21:03:29","21 Inc.",545
"2015-05-10 14:57:06","21 Inc.",887
"2015-05-09 21:02:57","21 Inc.",141
"2015-05-09 16:40:34","21 Inc.",326
"2015-05-09 05:51:44","21 Inc.",1414
"2015-05-09 04:54:57","21 Inc.",313
"2015-05-09 04:09:04","21 Inc.",700
"2015-05-08 17:06:40","21 Inc.",604
"2015-05-08 15:25:20","21 Inc.",795
"2015-05-08 13:27:44","21 Inc.",1444
"2015-05-08 11:58:40","21 Inc.",973
"2015-05-08 04:30:56","21 Inc.",968
"2015-05-08 00:05:52","21 Inc.",743
"2015-05-07 20:37:21","21 Inc.",282
"2015-05-07 10:03:44","21 Inc.",307
"2015-05-06 21:54:09","21 Inc.",1396
"2015-05-06 19:53:21","21 Inc.",1487
"2015-05-06 05:45:37","21 Inc.",257
"2015-05-06 05:42:08","21 Inc.",744
"2015-05-05 16:03:30","21 Inc.",1348
"2015-05-05 11:19:28","21 Inc.",1155
"2015-05-05 08:30:40","21 Inc.",78
"2015-05-04 18:42:41","21 Inc.",1158
"2015-05-04 12:35:44","21 Inc.",1328
"2015-05-03 22:26:10","21 Inc.",660
"2015-05-03 22:15:12","21 Inc.",771
"2015-05-03 20:53:36","21 Inc.",1113
"2015-05-03 12:08:48","21 Inc.",950
"2015-05-03 10:01:05","21 Inc.",378
"2015-05-02 23:53:38","21 Inc.",487
"2015-05-02 21:00:02","21 Inc.",319
"2015-05-02 20:52:33","21 Inc.",771
"2015-05-02 20:22:41","21 Inc.",83
"2015-05-02 14:51:45","21 Inc.",390
"2015-05-02 13:11:28","21 Inc.",677
"2015-05-02 09:10:25","21 Inc.",1165
"2015-05-02 07:55:45","21 Inc.",132
"2015-05-02 06:38:08","21 Inc.",26
"2015-05-02 01:53:54","21 Inc.",914
"2015-05-01 22:53:38","21 Inc.",100
"2015-05-01 22:45:37","21 Inc.",171
"2015-05-01 22:27:28","21 Inc.",644
"2015-05-01 19:56:49","21 Inc.",586
"2015-05-01 16:07:28","21 Inc.",326
"2015-05-01 13:00:32","21 Inc.",664
"2015-05-01 09:19:12","21 Inc.",879
"2015-05-01 07:49:37","21 Inc.",255
"2015-04-30 20:58:42","21 Inc.",83
"2015-04-30 15:29:04","21 Inc.",807
"2015-04-30 11:26:41","21 Inc.",1750
"2015-04-29 13:13:53","21 Inc.",901
"2015-04-29 04:00:33","21 Inc.",1592
"2015-04-28 19:57:54","21 Inc.",1104
"2015-04-28 07:37:21","21 Inc.",273
"2015-04-28 04:36:00","21 Inc.",128
"2015-04-28 03:58:57","21 Inc.",1805
"2015-04-27 22:57:04","21 Inc.",2189
"2015-04-27 18:38:10","21 Inc.",1097
"2015-04-27 04:22:57","21 Inc.",746
"2015-04-26 04:40:33","21 Inc.",713
"2015-04-26 03:12:32","21 Inc.",278
"2015-04-26 02:02:26","21 Inc.",28
"2015-04-25 22:59:45","21 Inc.",1824
"2015-04-25 22:13:06","21 Inc.",161
"2015-04-25 20:38:24","21 Inc.",1289
"2015-04-25 16:31:29","21 Inc.",1184
"2015-04-25 10:10:25","21 Inc.",262
"2015-04-25 08:34:24","21 Inc.",423
"2015-04-25 02:15:29","21 Inc.",292
"2015-04-23 12:26:40","21 Inc.",1495
"2015-04-23 07:10:25","21 Inc.",648
"2015-04-23 06:09:05","21 Inc.",570
"2015-04-22 22:23:46","21 Inc.",251
"2015-04-22 12:38:57","21 Inc.",1327
"2015-04-22 10:33:04","21 Inc.",250
"2015-04-21 17:06:09","21 Inc.",1136
"2015-04-21 16:45:53","21 Inc.",331
"2015-04-21 16:21:04","21 Inc.",688
"2015-04-21 04:21:05","21 Inc.",264
"2015-04-20 14:42:08","21 Inc.",1094
"2015-04-19 21:47:12","21 Inc.",134
"2015-04-19 18:25:06","21 Inc.",273
"2015-04-19 11:34:09","21 Inc.",777
"2015-04-19 10:52:18","21 Inc.",360
"2015-04-18 22:08:33","21 Inc.",801
"2015-04-18 16:09:04","21 Inc.",254
"2015-04-18 06:01:21","21 Inc.",22
"2015-04-17 08:43:44","21 Inc.",1369
"2015-04-16 05:41:54","21 Inc.",292
"2015-04-16 05:34:42","21 Inc.",1212
"2015-04-16 03:20:02","21 Inc.",644
"2015-04-16 01:49:53","21 Inc.",105
"2015-04-14 21:33:54","21 Inc.",1462
"2015-04-13 13:13:20","21 Inc.",1057
"2015-04-13 10:44:17","21 Inc.",552
"2015-04-12 00:10:40","21 Inc.",58
"2015-04-11 00:13:37","21 Inc.",684
"2015-04-09 01:59:29","21 Inc.",96
